{
  "drive": {
    "p": 0.00023, 
    "i": 0.0000002,
    "d": 0,
    "f": 0,
    "iz": 0
  },
  "angle": {
    "p": 0.018,
    "i": 0.00000008,
    "d": 1.75,
    "f": 0,
    "iz": 0
    }
}